{
  "baseName" : "Global Shutter Camera",
  "uniqueName" : "Global_Shutter_Camera",
  "nickname" : "photonvision",
  "FOV" : 70.0,
  "path" : "/dev/video0",
  "cameraType" : "UsbCamera",
  "currentPipelineIndex" : 0,
  "calibrations" : [ {
    "resolution" : {
      "width" : 640.0,
      "height" : 480.0
    },
    "cameraIntrinsics" : {
      "rows" : 3,
      "cols" : 3,
      "type" : 6,
      "data" : [ 836.3006696729582, 0.0, 315.5500701905034, 0.0, 855.0025415704627, 137.56135374120672, 0.0, 0.0, 1.0 ]
    },
    "cameraExtrinsics" : {
      "rows" : 1,
      "cols" : 5,
      "type" : 6,
      "data" : [ 0.43953766143280176, -1.623453843109743, -0.07486354743139088, 0.0021467292481274656, 2.4105911703038556 ]
    },
    "perViewErrors" : [ 0.9601110142633088, 1.022532341739899, 1.1943430767370649, 1.266108386447618, 1.6011773360109134, 1.724330456663638, 1.8276397354561948, 2.2146517868612614, 2.162197064395209, 2.986429733771225, 3.1562297342773245, 5.050578587639821, 4.692199720959948, 2.260477554294641, 1.9533753798001001, 1.3269061791169123, 0.7413630891969163, 0.5664316149709163, 0.855728958129531, 0.6791556401908277, 0.7649382702579962, 0.9154299324004918, 0.8909546021991247, 0.9297965960796595, 1.1179405747170774, 1.5083668372888868, 1.1944282763324898, 1.4084208341075304, 1.8239796926695198, 1.9763020869856542, 2.119562667089988, 2.189122443398746, 2.4285908404443695, 2.3984159180426876, 2.313885658188666 ],
    "standardDeviation" : 1.007565729988589
  }, {
    "resolution" : {
      "width" : 1280.0,
      "height" : 720.0
    },
    "cameraIntrinsics" : {
      "rows" : 3,
      "cols" : 3,
      "type" : 6,
      "data" : [ 1045.050539040022, 0.0, 645.6885675123182, 0.0, 1042.9119153684733, 357.7097649558827, 0.0, 0.0, 1.0 ]
    },
    "cameraExtrinsics" : {
      "rows" : 1,
      "cols" : 5,
      "type" : 6,
      "data" : [ 0.027918023044854256, 0.04977907605279409, 0.0016300518473166203, 0.005291230883961721, -0.22912636316519597 ]
    },
    "perViewErrors" : [ 0.12723058701280657, 0.41807707277922196, 0.5894135982804539, 0.44485880986561716, 0.5959056190443544, 2.9203883382869167, 0.3327331482661548, 0.47665128525938233, 0.37047077857560545, 0.4000620946424096, 7.657768156556145, 0.6140436930325062, 0.6834325944450619, 3.7896245059575295, 7.84335519633395, 0.14491245662215957, 0.21424869526568754, 0.14541234271365064, 0.2232577977708818, 0.21599215414788892, 0.3418486570119479, 0.32055936160104415, 0.23854000138213333, 0.16932820819962557, 0.1659222020353136, 0.12532162686575873, 0.21448822085184904, 0.143477321561814, 0.18421037015692476, 0.2512619971077477 ],
    "standardDeviation" : 1.962879909695328
  } ],
  "streamIndex" : 0
}